{"cameraMode":{"drawMode":0,"name":"Shaded","section":"Shading Mode"},"sceneLighting":false,"audioPlay":false,"sceneViewState":{"showFog":true,"showMaterialUpdate":false,"showSkybox":false,"showFlares":true,"showImageEffects":true,"showParticleSystems":true},"in2DMode":false,"pivot":{"x":-0.16365793347358704,"y":0.18654769659042359,"z":0.6701346635818481},"rotation":{"x":0.13752859830856324,"y":0.8361793160438538,"z":-0.2439214140176773,"w":0.47167259454727175},"size":0.27007532119750979,"orthographic":false}